{
    "rmse": 0.6660943745120733,
    "mae": 0.5253912362826842,
    "r2": 0.26444576762171335
}